Date,Taux directeur BCE (Refi),Taux directeur BCE (Depot),Taux directeur FED (cible),Inflation US,Inflation zone euro,Change EUR / USD,Petrole Brent,Indice prix alimentaires mondiaux,Incertitude politique eco mondiale,MONIA (interbancaire j/j),Inflation globale & sous-jacente (Inflation globale),Inflation globale & sous-jacente (Sous-jacente (core)),Croissance du PIB (g.a.),Output gap (3 méthodes) (Filtre HP),Output gap (3 méthodes) (Fonction de production),Output gap (3 méthodes) (Semi-structurel),Prix des actifs immobiliers (IPAI) (IPAI global),Prix des actifs immobiliers (IPAI) (Résidentiel),Output gap trimestriel (HP),"Agrégats monétaires (M1, M2, M3) (M3)","Agrégats monétaires (M1, M2, M3) (M2)","Agrégats monétaires (M1, M2, M3) (M1)",Capitalisation boursière (total)
1980-07,,,,,,,,,,,,,,3.09,,0.56,,,,,,,
1980-08,,,,,,,,,,,,,,3.09,,0.56,,,,,,,
1980-09,,,,,,,,,,,,,,3.09,,0.56,,,,,,,
1980-10,,,,,,,,,,,,,,3.09,,0.56,,,,,,,
1980-11,,,,,,,,,,,,,,3.09,,0.56,,,,,,,
1980-12,,,,,,,,,,,,,,3.09,,0.56,,,,,,,
1981-01,,,,,,,,,,,,,,3.09,,0.56,,,,,,,
1981-02,,,,,,,,,,,,,,3.09,,0.56,,,,,,,
1981-03,,,,,,,,,,,,,,3.09,,0.56,,,,,,,
1981-04,,,,,,,,,,,,,,3.09,,0.56,,,,,,,
1981-05,,,,,,,,,,,,,,3.09,,0.56,,,,,,,
1981-06,,,,,,,,,,,,,,3.09,,0.56,,,,,,,
1981-07,,,,,,,,,,,,,,-3.63,,-4.89,,,,,,,
1981-08,,,,,,,,,,,,,,-3.63,,-4.89,,,,,,,
1981-09,,,,,,,,,,,,,,-3.63,,-4.89,,,,,,,
1981-10,,,,,,,,,,,,,,-3.63,,-4.89,,,,,,,
1981-11,,,,,,,,,,,,,,-3.63,,-4.89,,,,,,,
1981-12,,,,,,,,,,,,,,-3.63,,-4.89,,,,,,,
1982-01,,,,,,,,,,,,,,-3.63,,-4.89,,,,,,,
1982-02,,,,,,,,,,,,,,-3.63,,-4.89,,,,,,,
1982-03,,,,,,,,,,,,,,-3.63,,-4.89,,,,,,,
1982-04,,,,,,,,,,,,,,-3.63,,-4.89,,,,,,,
1982-05,,,,,,,,,,,,,,-3.63,,-4.89,,,,,,,
1982-06,,,,,,,,,,,,,,-3.63,,-4.89,,,,,,,
1982-07,,,,,,,,,,,,,,1.61,,1.09,,,,,,,
1982-08,,,,,,,,,,,,,,1.61,,1.09,,,,,,,
1982-09,,,,,,,,,,,,,,1.61,,1.09,,,,,,,
1982-10,,,,,,,,,,,,,,1.61,,1.09,,,,,,,
1982-11,,,,,,,,,,,,,,1.61,,1.09,,,,,,,
1982-12,,,,,,,,,,,,,,1.61,,1.09,,,,,,,
1983-01,,,,,,,,,,,,,,1.61,,1.09,,,,,,,
1983-02,,,,,,,,,,,,,,1.61,,1.09,,,,,,,
1983-03,,,,,,,,,,,,,,1.61,,1.09,,,,,,,
1983-04,,,,,,,,,,,,,,1.61,,1.09,,,,,,,
1983-05,,,,,,,,,,,,,,1.61,,1.09,,,,,,,
1983-06,,,,,,,,,,,,,,1.61,,1.09,,,,,,,
1983-07,,,,,,,,,,,,,,-2.92,,-2.83,,,,,,,
1983-08,,,,,,,,,,,,,,-2.92,,-2.83,,,,,,,
1983-09,,,,,,,,,,,,,,-2.92,,-2.83,,,,,,,
1983-10,,,,,,,,,,,,,,-2.92,,-2.83,,,,,,,
1983-11,,,,,,,,,,,,,,-2.92,,-2.83,,,,,,,
1983-12,,,,,,,,,,,,,,-2.92,,-2.83,,,,,,,
1984-01,,,,,,,,,,,,,,-2.92,,-2.83,,,,,,,
1984-02,,,,,,,,,,,,,,-2.92,,-2.83,,,,,,,
1984-03,,,,,,,,,,,,,,-2.92,,-2.83,,,,,,,
1984-04,,,,,,,,,,,,,,-2.92,,-2.83,,,,,,,
1984-05,,,,,,,,,,,,,,-2.92,,-2.83,,,,,,,
1984-06,,,,,,,,,,,,,,-2.92,,-2.83,,,,,,,
1984-07,,,,,,,,,,,,,,-2.69,,-2.35,,,,,,,
1984-08,,,,,,,,,,,,,,-2.69,,-2.35,,,,,,,
1984-09,,,,,,,,,,,,,,-2.69,,-2.35,,,,,,,
1984-10,,,,,,,,,,,,,,-2.69,,-2.35,,,,,,,
1984-11,,,,,,,,,,,,,,-2.69,,-2.35,,,,,,,
1984-12,,,,,,,,,,,,,,-2.69,,-2.35,,,,,,,
1985-01,,,,,,,,,,,,,,-2.69,,-2.35,,,,,,,
1985-02,,,,,,,,,,,,,,-2.69,,-2.35,,,,,,,
1985-03,,,,,,,,,,,,,,-2.69,,-2.35,,,,,,,
1985-04,,,,,,,,,,,,,,-2.69,,-2.35,,,,,,,
1985-05,,,,,,,,,,,,,,-2.69,,-2.35,,,,,,,
1985-06,,,,,,,,,,,,,,-2.69,,-2.35,,,,,,,
1985-07,,,,,,,,,,,,,,-0.58,,-0.36,,,,,,,
1985-08,,,,,,,,,,,,,,-0.58,,-0.36,,,,,,,
1985-09,,,,,,,,,,,,,,-0.58,,-0.36,,,,,,,
1985-10,,,,,,,,,,,,,,-0.58,,-0.36,,,,,,,
1985-11,,,,,,,,,,,,,,-0.58,,-0.36,,,,,,,
1985-12,,,,,,,,,,,,,,-0.58,,-0.36,,,,,,,
1986-01,,,,,,,,,,,,,,-0.58,,-0.36,,,,,,,
1986-02,,,,,,,,,,,,,,-0.58,,-0.36,,,,,,,
1986-03,,,,,,,,,,,,,,-0.58,,-0.36,,,,,,,
1986-04,,,,,,,,,,,,,,-0.58,,-0.36,,,,,,,
1986-05,,,,,,,,,,,,,,-0.58,,-0.36,,,,,,,
1986-06,,,,,,,,,,,,,,-0.58,,-0.36,,,,,,,
1986-07,,,,,,,,,,,,,,3.39,,3.36,,,,,,,
1986-08,,,,,,,,,,,,,,3.39,,3.36,,,,,,,
1986-09,,,,,,,,,,,,,,3.39,,3.36,,,,,,,
1986-10,,,,,,,,,,,,,,3.39,,3.36,,,,,,,
1986-11,,,,,,,,,,,,,,3.39,,3.36,,,,,,,
1986-12,,,,,,,,,,,,,,3.39,,3.36,,,,,,,
1987-01,,,,,,,,,,,,,,3.39,,3.36,,,,,,,
1987-02,,,,,,,,,,,,,,3.39,,3.36,,,,,,,
1987-03,,,,,,,,,,,,,,3.39,,3.36,,,,,,,
1987-04,,,,,,,,,,,,,,3.39,,3.36,,,,,,,
1987-05,,,,,,,,,,,,,,3.39,,3.36,,,,,,,
1987-06,,,,,,,,,,,,,,3.39,,3.36,,,,,,,
1987-07,,,,,,,,,,,,,,-3.11,,-3.29,,,,,,,
1987-08,,,,,,,,,,,,,,-3.11,,-3.29,,,,,,,
1987-09,,,,,,,,,,,,,,-3.11,,-3.29,,,,,,,
1987-10,,,,,,,,,,,,,,-3.11,,-3.29,,,,,,,
1987-11,,,,,,,,,,,,,,-3.11,,-3.29,,,,,,,
1987-12,,,,,,,,,,,,,,-3.11,,-3.29,,,,,,,
1988-01,,,,,,,,,,,,,,-3.11,,-3.29,,,,,,,
1988-02,,,,,,,,,,,,,,-3.11,,-3.29,,,,,,,
1988-03,,,,,,,,,,,,,,-3.11,,-3.29,,,,,,,
1988-04,,,,,,,,,,,,,,-3.11,,-3.29,,,,,,,
1988-05,,,,,,,,,,,,,,-3.11,,-3.29,,,,,,,
1988-06,,,,,,,,,,,,,,-3.11,,-3.29,,,,,,,
1988-07,,,,,,,,,,,,,,2.97,,2.42,,,,,,,
1988-08,,,,,,,,,,,,,,2.97,,2.42,,,,,,,
1988-09,,,,,,,,,,,,,,2.97,,2.42,,,,,,,
1988-10,,,,,,,,,,,,,,2.97,,2.42,,,,,,,
1988-11,,,,,,,,,,,,,,2.97,,2.42,,,,,,,
1988-12,,,,,,,,,,,,,,2.97,,2.42,,,,,,,
1989-01,,,,,,,,,,,,,,2.97,,2.42,,,,,,,
1989-02,,,,,,,,,,,,,,2.97,,2.42,,,,,,,
1989-03,,,,,,,,,,,,,,2.97,,2.42,,,,,,,
1989-04,,,,,,,,,,,,,,2.97,,2.42,,,,,,,
1989-05,,,,,,,,,,,,,,2.97,,2.42,,,,,,,
1989-06,,,,,,,,,,,,,,2.97,,2.42,,,,,,,
1989-07,,,,,,,,,,,,,,1.63,,0.88,,,,,,,
1989-08,,,,,,,,,,,,,,1.63,,0.88,,,,,,,
1989-09,,,,,,,,,,,,,,1.63,,0.88,,,,,,,
1989-10,,,,,,,,,,,,,,1.63,,0.88,,,,,,,
1989-11,,,,,,,,,,,,,,1.63,,0.88,,,,,,,
1989-12,,,,,,,,,,,,,,1.63,,0.88,,,,,,,
1990-01,,,,,,,,,,,,,,1.63,,0.88,,,,,,,
1990-02,,,,,,,,,,,,,,1.63,,0.88,,,,,,,
1990-03,,,,,,,,,,,,,,1.63,,0.88,,,,,,,
1990-04,,,,,,,,,,,,,,1.63,,0.88,,,,,,,
1990-05,,,,,,,,,,,,,,1.63,,0.88,,,,,,,
1990-06,,,,,,,,,,,,,,1.63,,0.88,,,,,,,
1990-07,,,,,,,,,,,,,,2.06,,1.18,,,,,,,
1990-08,,,,,,,,,,,,,,2.06,,1.18,,,,,,,
1990-09,,,,,,,,,,,,,,2.06,,1.18,,,,,,,
1990-10,,,,,,,,,,,,,,2.06,,1.18,,,,,,,
1990-11,,,,,,,,,,,,,,2.06,,1.18,,,,,,,
1990-12,,,,,,,,,,,,,,2.06,,1.18,,,,,,,
1991-01,,,,,,,,,,,,,,2.06,,1.18,,,,,,,
1991-02,,,,,,,,,,,,,,2.06,,1.18,,,,,,,
1991-03,,,,,,,,,,,,,,2.06,,1.18,,,,,,,
1991-04,,,,,,,,,,,,,,2.06,,1.18,,,,,,,
1991-05,,,,,,,,,,,,,,2.06,,1.18,,,,,,,
1991-06,,,,,,,,,,,,,,2.06,,1.18,,,,,,,
1991-07,,,,,,,,,,,,,,5.99,,5.05,,,,,,,
1991-08,,,,,,,,,,,,,,5.99,,5.05,,,,,,,
1991-09,,,,,,,,,,,,,,5.99,,5.05,,,,,,,
1991-10,,,,,,,,,,,,,,5.99,,5.05,,,,,,,
1991-11,,,,,,,,,,,,,,5.99,,5.05,,,,,,,
1991-12,,,,,,,,,,,,,,5.99,,5.05,,,,,,,
1992-01,,,,,,,,,,,,,,5.99,,5.05,,,,,,,
1992-02,,,,,,,,,,,,,,5.99,,5.05,,,,,,,
1992-03,,,,,,,,,,,,,,5.99,,5.05,,,,,,,
1992-04,,,,,,,,,,,,,,5.99,,5.05,,,,,,,
1992-05,,,,,,,,,,,,,,5.99,,5.05,,,,,,,
1992-06,,,,,,,,,,,,,,5.99,,5.05,,,,,,,
1992-07,,,,,,,,,,,,,,-0.17,,-0.84,,,,,,,
1992-08,,,,,,,,,,,,,,-0.17,,-0.84,,,,,,,
1992-09,,,,,,,,,,,,,,-0.17,,-0.84,,,,,,,
1992-10,,,,,,,,,,,,,,-0.17,,-0.84,,,,,,,
1992-11,,,,,,,,,,,,,,-0.17,,-0.84,,,,,,,
1992-12,,,,,,,,,,,,,,-0.17,,-0.84,,,,,,,
1993-01,,,,,,,,,,,,,,-0.17,,-0.84,,,,,,,
1993-02,,,,,,,,,,,,,,-0.17,,-0.84,,,,,,,
1993-03,,,,,,,,,,,,,,-0.17,,-0.84,,,,,,,
1993-04,,,,,,,,,,,,,,-0.17,,-0.84,,,,,,,
1993-05,,,,,,,,,,,,,,-0.17,,-0.84,,,,,,,
1993-06,,,,,,,,,,,,,,-0.17,,-0.84,,,,,,,
1993-07,,,,,,,,,,,,,,-4.31,,-4.75,,,,,,,
1993-08,,,,,,,,,,,,,,-4.31,,-4.75,,,,,,,
1993-09,,,,,,,,,,,,,,-4.31,,-4.75,,,,,,,
1993-10,,,,,,,,,,,,,,-4.31,,-4.75,,,,,,,
1993-11,,,,,,,,,,,,,,-4.31,,-4.75,,,,,,,
1993-12,,,,,,,,,,,,,,-4.31,,-4.75,,,,,,,
1994-01,,,,,,,,,,,,,,-4.31,,-4.75,,,,,,,
1994-02,,,,,,,,,,,,,,-4.31,,-4.75,,,,,,,
1994-03,,,,,,,,,,,,,,-4.31,,-4.75,,,,,,,
1994-04,,,,,,,,,,,,,,-4.31,,-4.75,,,,,,,
1994-05,,,,,,,,,,,,,,-4.31,,-4.75,,,,,,,
1994-06,,,,,,,,,,,,,,-4.31,,-4.75,,,,,,,
1994-07,,,,,,,,,,,,,,3.43,,2.94,,,,,,,
1994-08,,,,,,,,,,,,,,3.43,,2.94,,,,,,,
1994-09,,,,,,,,,,,,,,3.43,,2.94,,,,,,,
1994-10,,,,,,,,,,,,,,3.43,,2.94,,,,,,,
1994-11,,,,,,,,,,,,,,3.43,,2.94,,,,,,,
1994-12,,,,,,,,,,,,,,3.43,,2.94,,,,,,,
1995-01,,,,,,,,,,,,,,3.43,,2.94,,,,,,,
1995-02,,,,,,,,,,,,,,3.43,,2.94,,,,,,,
1995-03,,,,,,,,,,,,,,3.43,,2.94,,,,,,,
1995-04,,,,,,,,,,,,,,3.43,,2.94,,,,,,,
1995-05,,,,,,,,,,,,,,3.43,,2.94,,,,,,,
1995-06,,,,,,,,,,,,,,3.43,,2.94,,,,,,,
1995-07,,,,,,,,,,,,,,-6.29,,-6.61,,,,,,,
1995-08,,,,,,,,,,,,,,-6.29,,-6.61,,,,,,,
1995-09,,,,,,,,,,,,,,-6.29,,-6.61,,,,,,,
1995-10,,,,,,,,,,,,,,-6.29,,-6.61,,,,,,,
1995-11,,,,,,,,,,,,,,-6.29,,-6.61,,,,,,,
1995-12,,,,,,,,,,,,,,-6.29,,-6.61,,,,,,,
1996-01,,,,,,,,,,,,,,-6.29,,-6.61,,,,,,,
1996-02,,,,,,,,,,,,,,-6.29,,-6.61,,,,,,,
1996-03,,,,,,,,,,,,,,-6.29,,-6.61,,,,,,,
1996-04,,,,,,,,,,,,,,-6.29,,-6.61,,,,,,,
1996-05,,,,,,,,,,,,,,-6.29,,-6.61,,,,,,,
1996-06,,,,,,,,,,,,,,-6.29,,-6.61,,,,,,,
1996-07,,,,,,,,,,,,,,3.04,,2.56,,,,,,,
1996-08,,,,,,,,,,,,,,3.04,,2.56,,,,,,,
1996-09,,,,,,,,,,,,,,3.04,,2.56,,,,,,,
1996-10,,,,,,,,,,,,,,3.04,,2.56,,,,,,,
1996-11,,,,,,,,,,,,,,3.04,,2.56,,,,,,,
1996-12,,,,,,,,,,,,,,3.04,,2.56,,,,,,,
1997-01,,,,,,,,,,,,,,3.04,,2.56,,,,,,,
1997-02,,,,,,,,,,,,,,3.04,,2.56,,,,,,,
1997-03,,,,,,,,,,,,,,3.04,,2.56,,,,,,,
1997-04,,,,,,,,,,,,,,3.04,,2.56,,,,,,,
1997-05,,,,,,,,,,,,,,3.04,,2.56,,,,,,,
1997-06,,,,,,,,,,,,,,3.04,,2.56,,,,,,,
1997-07,,,,,,,,,,,,,,-2.39,,-2.72,,,,,,,
1997-08,,,,,,,,,,,,,,-2.39,,-2.72,,,,,,,
1997-09,,,,,,,,,,,,,,-2.39,,-2.72,,,,,,,
1997-10,,,,,,,,,,,,,,-2.39,,-2.72,,,,,,,
1997-11,,,,,,,,,,,,,,-2.39,,-2.72,,,,,,,
1997-12,,,,,,,,,,,,,,-2.39,,-2.72,,,,,,,
1998-01,,,,,,,,,,,,,,-2.39,,-2.72,,,,,,,
1998-02,,,,,,,,,,,,,,-2.39,,-2.72,,,,,,,
1998-03,,,,,,,,,,,,,,-2.39,,-2.72,,,,,,,
1998-04,,,,,,,,,,,,,,-2.39,,-2.72,,,,,,,
1998-05,,,,,,,,,,,,,,-2.39,,-2.72,,,,,,,
1998-06,,,,,,,,,,,,,,-2.39,,-2.72,,,,,,,
1998-07,,,,,,,,,,,,,,1.73,1.7,1.52,,,,,,,
1998-08,,,,,,,,,,,,,,1.73,1.7,1.52,,,,,,,
1998-09,,,,,,,,,,,,,,1.73,1.7,1.52,,,,,,,
1998-10,,,,,,,,,,,,,,1.73,1.7,1.52,,,,,,,
1998-11,,,,,,,,,,,,,,1.73,1.7,1.52,,,,,,,
1998-12,,,,,,,,,,,,,,1.73,1.7,1.52,,,,,,,
1999-01,,,,,,,,,,,,,,1.73,1.7,1.52,,,,,,,
1999-02,,,,,,,,,,,,,,1.73,1.7,1.52,,,,,,,
1999-03,,,,,,,,,,,,,,1.73,1.7,1.52,,,,,,,
1999-04,,,,,,,,,,,,,,1.73,1.7,1.52,,,,,,,
1999-05,,,,,,,,,,,,,,1.73,1.7,1.52,,,,,,,
1999-06,,,,,,,,,,,,,,1.73,1.7,1.52,,,,,,,
1999-07,,,,,,,,,,,,,,-1.45,-1.35,-1.34,,,,,,,
1999-08,,,,,,,,,,,,,,-1.45,-1.35,-1.34,,,,,,,
1999-09,,,,,,,,,,,,,,-1.45,-1.35,-1.34,,,,,,,
1999-10,,,,,,,,,,,,,,-1.45,-1.35,-1.34,,,,,,,
1999-11,,,,,,,,,,,,,,-1.45,-1.35,-1.34,,,,,,,
1999-12,,,,,,,,,,,,,,-1.45,-1.35,-1.34,,,,,,,
2000-01,,,,,,,,,,,,,,-1.45,-1.35,-1.34,,,,,,,
2000-02,,,,,,,,,,,,,,-1.45,-1.35,-1.34,,,,,,,
2000-03,,,,,,,,,,,,,,-1.45,-1.35,-1.34,,,,,,,
2000-04,,,,,,,,,,,,,,-1.45,-1.35,-1.34,,,,,,,
2000-05,,,,,,,,,,,,,,-1.45,-1.35,-1.34,,,,,,,
2000-06,,,,,,,,,,,,,,-1.45,-1.35,-1.34,,,,,,,
2000-07,,,,,,,,,,,,,,-3.77,-3.4,-3.35,,,,,,,
2000-08,,,,,,,,,,,,,,-3.77,-3.4,-3.35,,,,,,,
2000-09,,,,,,,,,,,,,,-3.77,-3.4,-3.35,,,,,,,
2000-10,,,,,,,,,,,,,,-3.77,-3.4,-3.35,,,,,,,
2000-11,,,,,,,,,,,,,,-3.77,-3.4,-3.35,,,,,,,
2000-12,,,,,,,,,,,,,,-3.77,-3.4,-3.35,,,,,,,
2001-01,,,,,,,,,,,,,,-3.77,-3.4,-3.35,,,,,,,
2001-02,,,,,,,,,,,,,,-3.77,-3.4,-3.35,,,,,,,
2001-03,,,,,,,,,,,,,,-3.77,-3.4,-3.35,,,,,,,
2001-04,,,,,,,,,,,,,,-3.77,-3.4,-3.35,,,,,,,
2001-05,,,,,,,,,,,,,,-3.77,-3.4,-3.35,,,,,,,
2001-06,,,,,,,,,,,,,,-3.77,-3.4,-3.35,,,,,,,
2001-07,,,,,,,,,,,,,,-0.58,-0.2,-0.06,,,,,,,
2001-08,,,,,,,,,,,,,,-0.58,-0.2,-0.06,,,,,,,
2001-09,,,,,,,,,,,,,,-0.58,-0.2,-0.06,,,,,,,
2001-10,,,,,,,,,,,,,,-0.58,-0.2,-0.06,,,,,,,
2001-11,,,,,,,,,,,,,,-0.58,-0.2,-0.06,,,,,,,
2001-12,,,,,,,,,,,,,,-0.58,-0.2,-0.06,,,,,,,
2002-01,,,,,,,,,,,,,,-0.58,-0.2,-0.06,,,,,,,
2002-02,,,,,,,,,,,,,,-0.58,-0.2,-0.06,,,,,,,
2002-03,,,,,,,,,,,,,,-0.58,-0.2,-0.06,,,,,,,
2002-04,,,,,,,,,,,,,,-0.58,-0.2,-0.06,,,,,,,
2002-05,,,,,,,,,,,,,,-0.58,-0.2,-0.06,,,,,,,
2002-06,,,,,,,,,,,,,,-0.58,-0.2,-0.06,,,,,,,
2002-07,,,,,,,,,,,,,,-1.6,-0.85,-0.97,,,,,,,
2002-08,,,,,,,,,,,,,,-1.6,-0.85,-0.97,,,,,,,
2002-09,,,,,,,,,,,,,,-1.6,-0.85,-0.97,,,,,,,
2002-10,,,,,,,,,,,,,,-1.6,-0.85,-0.97,,,,,,,
2002-11,,,,,,,,,,,,,,-1.6,-0.85,-0.97,,,,,,,
2002-12,,,,,,,,,,,,,,-1.6,-0.85,-0.97,,,,,,,
2003-01,,,,,,,,,,,,,,-1.6,-0.85,-0.97,,,,,,,
2003-02,,,,,,,,,,,,,,-1.6,-0.85,-0.97,,,,,,,
2003-03,,,,,,,,,,,,,,-1.6,-0.85,-0.97,,,,,,,
2003-04,,,,,,,,,,,,,,-1.6,-0.85,-0.97,,,,,,,
2003-05,,,,,,,,,,,,,,-1.6,-0.85,-0.97,,,,,,,
2003-06,,,,,,,,,,,,,,-1.6,-0.85,-0.97,,,,,,,
2003-07,,,,,,,,,,,,,,0.1,0.94,0.7,,,,,,,
2003-08,,,,,,,,,,,,,,0.1,0.94,0.7,,,,,,,
2003-09,,,,,,,,,,,,,,0.1,0.94,0.7,,,,,,,
2003-10,,,,,,,,,,,,,,0.1,0.94,0.7,,,,,,,
2003-11,,,,,,,,,,,,,,0.1,0.94,0.7,,,,,,,
2003-12,,,,,,,,,,,,,,0.1,0.94,0.7,,,,,,,
2004-01,,,,,,,,,,,,,,0.1,0.94,0.7,,,,,,,
2004-02,,,,,,,,,,,,,,0.1,0.94,0.7,,,,,,,
2004-03,,,,,,,,,,,,,,0.1,0.94,0.7,,,,,,,
2004-04,,,,,,,,,,,,,,0.1,0.94,0.7,,,,,,,
2004-05,,,,,,,,,,,,,,0.1,0.94,0.7,,,,,,,
2004-06,,,,,,,,,,,,,,0.1,0.94,0.7,,,,,,,
2004-07,,,,,,,,,,,,,,0.27,0.97,0.85,,,,,,,
2004-08,,,,,,,,,,,,,,0.27,0.97,0.85,,,,,,,
2004-09,,,,,,,,,,,,,,0.27,0.97,0.85,,,,,,,
2004-10,,,,,,,,,,,,,,0.27,0.97,0.85,,,,,,,
2004-11,,,,,,,,,,,,,,0.27,0.97,0.85,,,,,,,
2004-12,,,,,,,,,,,,,,0.27,0.97,0.85,,,,,,,
2005-01,,,,,,,,,,,,,,0.27,0.97,0.85,,,,,,,
2005-02,,,,,,,,,,,,,,0.27,0.97,0.85,,,,,,,
2005-03,,,,,,,,,,,,,,0.27,0.97,0.85,,,,,,,
2005-04,,,,,,,,,,,,,,0.27,0.97,0.85,,,,,,,
2005-05,,,,,,,,,,,,,,0.27,0.97,0.85,,,,,,,
2005-06,,,,,,,,,,,,,,0.27,0.97,0.85,,,,,,,
2005-07,,,,,,,,,,,,,,-1.38,-0.22,-0.81,,,,,376.0,317.0,252.0
2005-08,,,,,,,,,,,,,,-1.38,-0.22,-0.81,,,,,376.0,317.0,252.0
2005-09,,,,,,,,,,,,,,-1.38,-0.22,-0.81,,,,,376.0,317.0,252.0
2005-10,,,,,,,,,,,,,,-1.38,-0.22,-0.81,,,,,376.0,317.0,252.0
2005-11,,,,,,,,,,,,,,-1.38,-0.22,-0.81,,,,,376.0,317.0,252.0
2005-12,,,,,,,,,,,,,,-1.38,-0.22,-0.81,,,,,376.0,317.0,252.0
2006-01,,1.25,4.5,4.01879,2.4594,1.2126,63.311818,75.751651,70.523924,,,,,-1.38,-0.22,-0.81,,,,,376.0,317.0,252.0
2006-02,,1.25,4.5,3.63825,2.35784,1.194,60.8055,77.444043,58.769229,,,,,-1.38,-0.22,-0.81,100.0,100.0,,,376.0,317.0,252.0
2006-03,,1.5,4.75,3.41792,2.20285,1.2028,62.746957,78.30811,58.758423,,,,,-1.38,-0.22,-0.81,100.0,100.0,,,376.0,317.0,252.0
2006-04,,1.5,4.75,3.61384,2.45277,1.2273,70.34,81.583479,71.161911,,,,,-1.38,-0.22,-0.81,100.0,100.0,,,376.0,317.0,252.0
2006-05,,1.5,5.0,3.97727,2.52356,1.2767,70.51,87.760701,63.611938,,,,,-1.38,-0.22,-0.81,99.69,99.57,,,376.0,317.0,252.0
2006-06,,1.75,5.25,4.18172,2.47495,1.2661,69.232727,85.513361,73.589256,,,,,-1.38,-0.22,-0.81,99.69,99.57,,,376.0,317.0,252.0
2006-07,,1.75,5.25,4.10467,2.47796,1.2681,74.040952,84.722459,70.021955,,,,,1.49,2.88,1.97,99.69,99.57,,605.0,436.0,371.0,417.0
2006-08,,2.0,5.25,3.92657,2.32029,1.281,73.500435,82.924474,60.76111,,,,,1.49,2.88,1.97,99.27,99.21,,605.0,436.0,371.0,417.0
2006-09,,2.0,5.25,2.01207,1.79541,1.2722,62.527143,82.474124,57.327341,,,,,1.49,2.88,1.97,99.27,99.21,,605.0,436.0,371.0,417.0
2006-10,,2.25,5.25,1.40633,1.62528,1.2617,58.758182,82.772445,60.28495,,,,,1.49,2.88,1.97,99.27,99.21,,605.0,436.0,371.0,417.0
2006-11,,2.25,5.25,1.9687,1.87,1.2888,59.222727,84.69968,57.988843,,,,,1.49,2.88,1.97,99.64,99.55,,605.0,436.0,371.0,417.0
2006-12,,2.5,5.25,2.52398,1.92394,1.3205,62.260476,84.946379,56.60205,,,,,1.49,2.88,1.97,99.64,99.55,,605.0,436.0,371.0,417.0
2007-01,,2.5,5.25,2.07577,1.85688,1.2993,54.503043,86.613083,63.687465,,,,,1.49,2.88,1.97,99.64,99.55,,605.0,436.0,371.0,417.0
2007-02,,2.5,5.25,2.42026,1.88196,1.308,57.9695,88.466334,54.58243,,,,,1.49,2.88,1.97,100.58,100.71,,605.0,436.0,371.0,417.0
2007-03,,2.75,5.25,2.7982,1.96078,1.3246,62.357273,88.247708,64.15967,,,,,1.49,2.88,1.97,100.58,100.71,,605.0,436.0,371.0,417.0
2007-04,,2.75,5.25,2.59292,1.93309,1.3513,67.690476,92.021167,59.59224,,,,,1.49,2.88,1.97,100.58,100.71,,605.0,436.0,371.0,417.0
2007-05,,2.75,5.25,2.70989,1.88316,1.3518,67.717826,91.357955,58.226611,,,,,1.49,2.88,1.97,101.65,101.91,,605.0,436.0,371.0,417.0
2007-06,,3.0,5.25,2.69277,1.91139,1.3421,70.619048,91.480084,57.647325,,,,,1.49,2.88,1.97,101.65,101.91,,605.0,436.0,371.0,417.0
2007-07,,3.0,5.25,2.31789,1.79499,1.3726,76.133182,93.268272,47.589425,,,,,-0.4,0.42,0.04,101.65,101.91,,706.0,530.0,457.0,586.0
2007-08,,3.0,5.25,1.89745,1.77857,1.3626,71.313043,92.768499,78.558689,,,,,-0.4,0.42,0.04,102.38,102.75,,706.0,530.0,457.0,586.0
2007-09,,3.0,4.75,2.83383,2.16392,1.391,76.772,96.547174,99.073311,,,,,-0.4,0.42,0.04,102.38,102.75,,706.0,530.0,457.0,586.0
2007-10,,3.0,4.5,3.6107,2.57663,1.4233,82.507391,99.502124,79.153255,,,,,-0.4,0.42,0.04,102.38,102.75,,706.0,530.0,457.0,586.0
2007-11,,3.0,4.5,4.37327,3.10881,1.4683,92.731364,100.663607,82.608694,,,,,-0.4,0.42,0.04,106.18,107.5,,706.0,530.0,457.0,586.0
2007-12,,3.0,4.25,4.10881,3.11164,1.4559,91.519524,105.883105,96.430522,,,,,-0.4,0.42,0.04,106.18,107.5,,706.0,530.0,457.0,586.0
2008-01,,3.0,3.0,4.2947,3.27553,1.4728,92.091739,108.673539,134.443315,,,,,-0.4,0.42,0.04,106.18,107.5,,706.0,530.0,457.0,586.0
2008-02,,3.0,3.0,4.14296,3.32496,1.4759,94.722381,113.965974,98.044093,,,,,-0.4,0.42,0.04,103.03,103.37,,706.0,530.0,457.0,586.0
2008-03,,3.0,2.25,3.9749,3.65531,1.552,103.161905,119.368796,117.884007,,,,,-0.4,0.42,0.04,103.03,103.37,,706.0,530.0,457.0,586.0
2008-04,,3.0,2.0,3.90376,3.34063,1.5754,110.033182,119.771993,91.181047,,,,,-0.4,0.42,0.04,103.03,103.37,,706.0,530.0,457.0,586.0
2008-05,,3.0,2.0,4.08841,3.74036,1.5554,123.862273,121.996342,77.879281,,,,,-0.4,0.42,0.04,103.09,103.56,,706.0,530.0,457.0,586.0
2008-06,,3.0,2.0,4.93597,4.04187,1.5562,132.760476,124.835683,87.159874,,,,,-0.4,0.42,0.04,103.09,103.56,,706.0,530.0,457.0,586.0
2008-07,,3.25,2.0,5.49751,4.12416,1.5759,133.585217,124.271426,95.808732,,,,,0.87,0.26,1.23,103.09,103.56,,800.0,569.0,489.0,532.0
2008-08,,3.25,2.0,5.30802,3.90272,1.4955,113.800476,114.925956,89.798366,,,,,0.87,0.26,1.23,104.17,104.72,,800.0,569.0,489.0,532.0
2008-09,,3.25,2.0,4.95332,3.71391,1.4342,98.755455,107.041105,162.002214,,,,,0.87,0.26,1.23,104.17,104.72,,800.0,569.0,489.0,532.0
2008-10,3.75,3.25,1.0,3.73106,3.23372,1.3266,71.963478,94.221476,207.62232,,,,,0.87,0.26,1.23,104.17,104.72,,800.0,569.0,489.0,532.0
2008-11,3.25,2.75,1.0,1.09992,2.18234,1.2744,52.7135,88.266627,143.302829,,,,,0.87,0.26,1.23,104.29,104.88,,800.0,569.0,489.0,532.0
2008-12,2.5,2.0,1.0,-0.02223,1.65904,1.3511,40.511739,87.588102,144.132208,,,,,0.87,0.26,1.23,104.29,104.88,,800.0,569.0,489.0,532.0
2009-01,2.0,1.0,0.25,-0.11359,1.17681,1.3244,43.174545,89.054414,145.536787,,,,,0.87,0.26,1.23,104.29,104.88,,800.0,569.0,489.0,532.0
2009-02,2.0,1.0,0.25,0.00846,1.24428,1.2797,42.9105,85.038904,146.937723,,,,,0.87,0.26,1.23,104.78,105.4,,800.0,569.0,489.0,532.0
2009-03,1.5,0.5,0.25,-0.44648,0.62314,1.305,46.582727,86.410088,131.618264,,,,,0.87,0.26,1.23,104.78,105.4,,800.0,569.0,489.0,532.0
2009-04,1.25,0.25,0.25,-0.57632,0.64935,1.3199,50.519091,92.767895,101.951557,,,,,0.87,0.26,1.23,104.78,105.4,,800.0,569.0,489.0,532.0
2009-05,1.0,0.25,0.25,-1.01576,0.08418,1.3646,57.501429,99.118808,102.976484,,,,,0.87,0.26,1.23,104.33,105.01,,800.0,569.0,489.0,532.0
2009-06,1.0,0.25,0.25,-1.22917,-0.11179,1.4014,68.58,97.753803,115.97187,,,,,0.87,0.26,1.23,104.33,105.01,,800.0,569.0,489.0,532.0
2009-07,1.0,0.25,0.25,-1.95876,-0.61582,1.4092,64.904348,93.945082,104.825543,,,,,0.67,-0.21,0.96,104.33,105.01,,857.0,613.0,525.0,509.0
2009-08,1.0,0.25,0.25,-1.48384,-0.14015,1.4266,72.591905,92.316776,101.726412,,,,,0.67,-0.21,0.96,103.92,104.81,,857.0,613.0,525.0,509.0
2009-09,1.0,0.25,0.25,-1.37794,-0.32172,1.4575,67.513182,90.642845,106.322573,,,,,0.67,-0.21,0.96,103.92,104.81,,857.0,613.0,525.0,509.0
2009-10,1.0,0.25,0.25,-0.22397,-0.12586,1.4821,72.968636,93.408939,91.818944,,,,,0.67,-0.21,0.96,103.92,104.81,,857.0,613.0,525.0,509.0
2009-11,1.0,0.25,0.25,1.91459,0.47773,1.4908,76.936667,96.091018,104.426061,,,,,0.67,-0.21,0.96,104.67,105.61,,857.0,613.0,525.0,509.0
2009-12,1.0,0.25,0.25,2.81412,0.91446,1.4579,74.789565,97.808403,101.734546,,,,,0.67,-0.21,0.96,104.67,105.61,,857.0,613.0,525.0,509.0
2010-01,1.0,0.25,0.25,2.62111,0.92199,1.4266,76.602381,98.531686,117.743125,,,,,0.67,-0.21,0.96,104.67,105.61,,857.0,613.0,525.0,509.0
2010-02,1.0,0.25,0.25,2.15134,0.81932,1.368,73.903,98.396228,112.852971,,,,,0.67,-0.21,0.96,104.12,104.75,,857.0,613.0,525.0,509.0
2010-03,1.0,0.25,0.25,2.28617,1.56228,1.357,79.51913,101.223072,113.054504,,,,,0.67,-0.21,0.96,104.12,104.75,,857.0,613.0,525.0,509.0
2010-04,1.0,0.25,0.25,2.20677,1.6129,1.3417,85.156364,103.827203,108.709846,,,,,0.67,-0.21,0.96,104.12,104.75,,857.0,613.0,525.0,509.0
2010-05,1.0,0.25,0.25,2.00355,1.68209,1.2563,76.132381,100.359203,145.690578,,,,,0.67,-0.21,0.96,104.33,104.83,,857.0,613.0,525.0,509.0
2010-06,1.0,0.25,0.25,1.12156,1.48293,1.2223,75.246364,96.372519,136.259404,,,,,0.67,-0.21,0.96,104.33,104.83,,857.0,613.0,525.0,509.0
2010-07,1.0,0.25,0.25,1.34078,1.71807,1.2811,75.195,102.008125,147.170197,,,,,0.22,-0.61,0.45,104.33,104.83,,898.0,644.0,549.0,579.0
2010-08,1.0,0.25,0.25,1.15018,1.57193,1.2903,76.891818,104.48953,122.24325,,,,,0.22,-0.61,0.45,104.32,105.06,,898.0,644.0,549.0,579.0
2010-09,1.0,0.25,0.25,1.11831,1.88044,1.3103,77.938182,109.57946,132.437162,,,,,0.22,-0.61,0.45,104.32,105.06,,898.0,644.0,549.0,579.0
2010-10,1.0,0.25,0.25,1.1667,1.94623,1.3901,83.338571,113.460115,126.11321,,,,,0.22,-0.61,0.45,104.32,105.06,,898.0,644.0,549.0,579.0
2010-11,1.0,0.25,0.25,1.08454,1.91582,1.3654,85.800909,114.67727,130.016804,,,,,0.22,-0.61,0.45,104.32,105.02,,898.0,644.0,549.0,579.0
2010-12,1.0,0.25,0.25,1.43779,2.21665,1.3221,91.96,121.861427,132.994085,,,,,0.22,-0.61,0.45,104.32,105.02,,898.0,644.0,549.0,579.0
2011-01,1.0,0.25,0.25,1.70078,2.31904,1.3371,96.952381,125.776698,113.620409,,,,,0.22,-0.61,0.45,104.32,105.02,,898.0,644.0,549.0,579.0
2011-02,1.0,0.25,0.25,2.1249,2.438,1.3656,104.2385,129.504259,95.984411,,,,,0.22,-0.61,0.45,104.71,105.16,,898.0,644.0,549.0,579.0
2011-03,1.0,0.25,0.25,2.61924,2.67461,1.402,114.917391,128.352017,129.215053,,,,,0.22,-0.61,0.45,104.71,105.16,,898.0,644.0,549.0,579.0
2011-04,1.25,0.5,0.25,3.07723,2.84334,1.446,123.325714,132.687153,117.56147,,,,,0.22,-0.61,0.45,104.71,105.16,,898.0,644.0,549.0,579.0
2011-05,1.25,0.5,0.25,3.45897,2.72953,1.4335,114.929545,129.960769,92.994267,,,,,0.22,-0.61,0.45,105.33,105.81,,898.0,644.0,549.0,579.0
2011-06,1.25,0.5,0.25,3.50232,2.71574,1.4403,114.370455,127.854406,124.031321,,,,,0.22,-0.61,0.45,105.33,105.81,,898.0,644.0,549.0,579.0
2011-07,1.5,0.75,0.25,3.57988,2.57511,1.4275,117.483333,127.025106,152.22548,,,,,1.32,0.22,1.46,105.33,105.81,,957.0,690.0,587.0,512.0
2011-08,1.5,0.75,0.25,3.755,2.55631,1.4333,110.354783,126.505878,214.110924,,,,,1.32,0.22,1.46,105.26,105.77,,957.0,690.0,587.0,512.0
2011-09,1.5,0.75,0.25,3.81262,2.98898,1.3747,111.962727,120.791814,193.280925,,,,,1.32,0.22,1.46,105.26,105.77,,957.0,690.0,587.0,512.0
2011-10,1.5,0.75,0.25,3.52227,3.04903,1.3732,110.429524,118.083551,165.364555,,,,,1.32,0.22,1.46,105.26,105.77,,957.0,690.0,587.0,512.0
2011-11,1.25,0.5,0.25,3.45143,3.03238,1.3558,111.158636,118.081322,190.832364,,,,,1.32,0.22,1.46,105.12,105.53,,957.0,690.0,587.0,512.0
2011-12,1.0,0.25,0.25,3.06207,2.75505,1.3155,108.347727,115.171264,176.19,,,,,1.32,0.22,1.46,105.12,105.53,,957.0,690.0,587.0,512.0
2012-01,1.0,0.25,0.25,3.00877,2.66484,1.291,111.415,117.860039,153.43601,,,,,1.32,0.22,1.46,105.12,105.53,,957.0,690.0,587.0,512.0
2012-02,1.0,0.25,0.25,2.89818,2.7356,1.3238,119.165714,120.575931,139.790321,,,,,1.32,0.22,1.46,105.61,105.99,,957.0,690.0,587.0,512.0
2012-03,1.0,0.25,0.25,2.58288,2.68592,1.3208,124.703182,123.13678,131.123566,,,,,1.32,0.22,1.46,105.61,105.99,,957.0,690.0,587.0,512.0
2012-04,1.0,0.25,0.25,2.27316,2.57684,1.316,120.47,122.209082,128.086126,,,,,1.32,0.22,1.46,105.61,105.99,,957.0,690.0,587.0,512.0
2012-05,1.0,0.25,0.25,1.73794,2.42888,1.2806,110.822174,116.672208,157.859659,,,,,1.32,0.22,1.46,106.37,106.96,,957.0,690.0,587.0,512.0
2012-06,1.0,0.25,0.25,1.65387,2.3621,1.2541,95.889048,116.691801,181.591062,,,,,1.32,0.22,1.46,106.37,106.96,,957.0,690.0,587.0,512.0
2012-07,0.75,0.0,0.25,1.41751,2.40248,1.2278,102.979545,123.653937,149.978169,,,,,0.5,-0.53,0.57,106.37,106.96,,992.0,724.0,612.0,445.0
2012-08,0.75,0.0,0.25,1.68593,2.61385,1.2406,113.780435,124.833916,116.171573,,,,,0.5,-0.53,0.57,105.63,106.17,,992.0,724.0,612.0,445.0
2012-09,0.75,0.0,0.25,1.94972,2.608,1.2885,113.6415,122.240807,151.508105,,,,,0.5,-0.53,0.57,105.63,106.17,,992.0,724.0,612.0,445.0
2012-10,0.75,0.0,0.25,2.15568,2.49234,1.2974,111.792609,121.477544,149.624333,,,,,0.5,-0.53,0.57,105.63,106.17,,992.0,724.0,612.0,445.0
2012-11,0.75,0.0,0.25,1.79602,2.19736,1.2837,109.911818,120.561014,163.335783,,,,,0.5,-0.53,0.57,106.13,106.56,,992.0,724.0,612.0,445.0
2012-12,0.75,0.0,0.25,1.7595,2.22989,1.3119,109.569048,120.647713,168.132161,,,,,0.5,-0.53,0.57,106.13,106.56,,992.0,724.0,612.0,445.0
2013-01,0.75,0.0,0.25,1.68406,1.9802,1.3304,112.527826,122.054814,165.046698,,,,,0.5,-0.53,0.57,106.13,106.56,,992.0,724.0,612.0,445.0
2013-02,0.75,0.0,0.25,2.01814,1.85062,1.3347,116.488,121.438635,121.086097,,,,,0.5,-0.53,0.57,105.55,106.13,,992.0,724.0,612.0,445.0
2013-03,0.75,0.0,0.25,1.51875,1.73502,1.2953,109.585714,121.598884,143.043668,,,,,0.5,-0.53,0.57,105.55,106.13,,992.0,724.0,612.0,445.0
2013-04,0.75,0.0,0.25,1.13881,1.17755,1.3025,102.96,124.008252,134.129759,,,,,0.5,-0.53,0.57,105.55,106.13,,992.0,724.0,612.0,445.0
2013-05,0.5,0.0,0.25,1.39039,1.41491,1.2983,102.980435,126.647799,106.182057,,,,,0.5,-0.53,0.57,106.29,106.71,,992.0,724.0,612.0,445.0
2013-06,0.5,0.0,0.25,1.71579,1.61269,1.3197,103.3585,124.532055,126.198881,,,,,0.5,-0.53,0.57,106.29,106.71,,992.0,724.0,612.0,445.0
2013-07,0.5,0.0,0.25,1.88547,1.59483,1.3088,107.779565,122.578748,107.454316,,,,,1.37,0.3,1.36,106.29,106.71,,1023.0,749.0,629.0,451.0
2013-08,0.5,0.0,0.25,1.53881,1.33929,1.3314,111.058182,119.25003,118.423439,,,,,1.37,0.3,1.36,105.97,106.47,,1023.0,749.0,629.0,451.0
2013-09,0.5,0.0,0.25,1.09473,1.08186,1.3364,111.962857,115.529171,136.985477,,,,,1.37,0.3,1.36,105.97,106.47,,1023.0,749.0,629.0,451.0
2013-10,0.5,0.0,0.25,0.8768,0.72822,1.3646,109.618696,114.841739,166.475567,,,,,1.37,0.3,1.36,105.97,106.47,,1023.0,749.0,629.0,451.0
2013-11,0.25,0.0,0.25,1.23287,0.84702,1.3491,108.150476,115.947572,102.396606,,,,,1.37,0.3,1.36,106.44,107.28,,1023.0,749.0,629.0,451.0
2013-12,0.25,0.0,0.25,1.51284,0.84394,1.3708,111.070455,117.149234,120.209179,,,,,1.37,0.3,1.36,106.44,107.28,,1023.0,749.0,629.0,451.0
2014-01,0.25,0.0,0.25,1.55776,0.76096,1.3618,107.926957,117.824717,113.84946,,,,,1.37,0.3,1.36,106.44,107.28,,1023.0,749.0,629.0,451.0
2014-02,0.25,0.0,0.25,1.12047,0.70588,1.3665,108.838,120.977644,99.679436,,,,,1.37,0.3,1.36,106.58,106.96,-1.01,1023.0,749.0,629.0,451.0
2014-03,0.25,0.0,0.25,1.61269,0.46512,1.3828,107.868095,128.065252,112.482344,,,,,1.37,0.3,1.36,106.58,106.96,-1.01,1023.0,749.0,629.0,451.0
2014-04,0.25,0.0,0.25,2.01513,0.71124,1.381,108.003636,130.619124,108.510672,,,,,1.37,0.3,1.36,106.58,106.96,-1.01,1023.0,749.0,629.0,451.0
2014-05,0.25,0.0,0.25,2.16695,0.49089,1.3739,109.832273,125.428163,105.313811,,,,,1.37,0.3,1.36,106.97,107.3,0.04,1023.0,749.0,629.0,451.0
2014-06,0.15,-0.1,0.25,2.05898,0.49032,1.3595,112.240952,122.506997,90.19987,,,,,1.37,0.3,1.36,106.97,107.3,0.04,1023.0,749.0,629.0,451.0
2014-07,0.15,-0.1,0.25,1.97424,0.37623,1.3533,107.462609,119.838592,92.630949,,,,,0.68,-0.17,0.64,106.97,107.3,0.04,1086.0,791.0,661.0,484.0
2014-08,0.15,-0.1,0.25,1.7151,0.36279,1.3315,102.401905,114.239874,96.108134,,,,,0.68,-0.17,0.64,105.95,106.68,-0.52,1086.0,791.0,661.0,484.0
2014-09,0.05,-0.2,0.25,1.68405,0.32237,1.2889,97.852727,112.121846,119.655403,,,,,0.68,-0.17,0.64,105.95,106.68,-0.52,1086.0,791.0,661.0,484.0
2014-10,0.05,-0.2,0.25,1.60954,0.37439,1.2677,87.584783,111.32561,110.96869,,,,,0.68,-0.17,0.64,105.95,106.68,-0.52,1086.0,791.0,661.0,484.0
2014-11,0.05,-0.2,0.25,1.23152,0.28427,1.2473,79.2295,111.107192,117.379399,,,,,0.68,-0.17,0.64,106.48,107.12,-1.87,1086.0,791.0,661.0,484.0
2014-12,0.05,-0.2,0.25,0.65312,-0.16737,1.2329,62.903913,109.240477,109.49759,,,,,0.68,-0.17,0.64,106.48,107.12,-1.87,1086.0,791.0,661.0,484.0
2015-01,0.05,-0.2,0.25,-0.22993,-0.59896,1.1615,48.933182,104.753672,126.991366,,,,,0.68,-0.17,0.64,106.48,107.12,-1.87,1086.0,791.0,661.0,484.0
2015-02,0.05,-0.2,0.25,-0.08703,-0.29855,1.135,58.254,101.520139,113.93296,,,,3.94,0.68,-0.17,0.64,106.12,106.48,0.13,1086.0,791.0,661.0,484.0
2015-03,0.05,-0.2,0.25,-0.02203,-0.0643,1.0819,56.524545,99.11318,109.954601,,,,3.94,0.68,-0.17,0.64,106.12,106.48,0.13,1086.0,791.0,661.0,484.0
2015-04,0.05,-0.2,0.25,-0.10403,0.20544,1.0822,59.826364,100.864894,99.393627,,,,3.94,0.68,-0.17,0.64,106.12,106.48,0.13,1086.0,791.0,661.0,484.0
2015-05,0.05,-0.2,0.25,0.03503,0.60419,1.1167,65.19381,100.786571,102.952315,,,,3.62,0.68,-0.17,0.64,106.56,107.05,0.89,1086.0,791.0,661.0,484.0
2015-06,0.05,-0.2,0.25,0.17957,0.50077,1.1226,62.62,100.151898,117.944627,,,,3.62,0.68,-0.17,0.64,106.56,107.05,0.89,1086.0,791.0,661.0,484.0
2015-07,0.05,-0.2,0.25,0.22569,0.54285,1.0997,56.829565,100.193647,121.838024,,,,3.62,1.85,1.51,1.81,106.56,107.05,0.89,1148.0,845.0,707.0,453.0
2015-08,0.05,-0.2,0.25,0.2413,0.42603,1.1136,47.53381,97.009721,118.494793,,,,4.15,1.85,1.51,1.81,106.2,106.74,0.84,1148.0,845.0,707.0,453.0
2015-09,0.05,-0.2,0.25,0.00884,0.20566,1.1229,48.030455,96.295731,151.929508,,,,4.15,1.85,1.51,1.81,106.2,106.74,0.84,1148.0,845.0,707.0,453.0
2015-10,0.05,-0.2,0.25,0.12762,0.38585,1.1228,48.906364,96.804713,114.384059,,,,4.15,1.85,1.51,1.81,106.2,106.74,0.84,1148.0,845.0,707.0,453.0
2015-11,0.05,-0.2,0.25,0.43632,0.14173,1.0727,45.095238,92.891322,103.4105,,,,5.67,1.85,1.51,1.81,107.02,107.47,0.97,1148.0,845.0,707.0,453.0
2015-12,0.05,-0.3,0.5,0.63872,0.24503,1.0889,38.525217,92.220427,110.718815,,,,5.67,1.85,1.51,1.81,107.02,107.47,0.97,1148.0,845.0,707.0,453.0
2016-01,0.05,-0.3,0.5,1.2375,0.31438,1.0855,32.045238,92.31315,143.155119,,,,5.67,1.85,1.51,1.81,107.02,107.47,0.97,1148.0,845.0,707.0,453.0
2016-02,0.05,-0.3,0.5,0.84728,-0.13019,1.1092,33.762381,93.53304,145.44249,,,,0.76,1.85,1.51,1.81,106.7,107.05,-1.76,1148.0,845.0,707.0,453.0
2016-03,0.0,-0.4,0.5,0.89162,-0.05147,1.1134,39.792174,96.969325,156.885454,,,,0.76,1.85,1.51,1.81,106.7,107.05,-1.76,1148.0,845.0,707.0,453.0
2016-04,0.0,-0.4,0.5,1.17263,-0.25628,1.1346,43.330476,100.062718,140.0759,,,,0.76,1.85,1.51,1.81,106.7,107.05,-1.76,1148.0,845.0,707.0,453.0
2016-05,0.0,-0.4,0.5,1.07848,-0.12778,1.1312,47.735,101.51851,123.493546,,,,-0.46,1.85,1.51,1.81,107.42,107.86,-2.19,1148.0,845.0,707.0,453.0
2016-06,0.0,-0.4,0.5,1.07929,0.03833,1.1232,49.877273,103.543678,227.962362,,,,-0.46,1.85,1.51,1.81,107.42,107.86,-2.19,1148.0,845.0,707.0,453.0
2016-07,0.0,-0.4,0.5,0.86836,0.16712,1.1055,46.598571,103.903809,202.207476,,,,-0.46,-0.5,-0.75,-0.43,107.42,107.86,-2.19,1202.0,898.0,752.0,583.0
2016-08,0.0,-0.4,0.5,1.05532,0.23139,1.1207,47.052174,102.097435,132.512605,,,,0.9,-0.5,-0.75,-0.43,109.63,110.63,-0.84,1202.0,898.0,752.0,583.0
2016-09,0.0,-0.4,0.5,1.54864,0.39764,1.1218,47.376818,101.688153,134.358224,,,,0.9,-0.5,-0.75,-0.43,109.63,110.63,-0.84,1202.0,898.0,752.0,583.0
2016-10,0.0,-0.4,0.5,1.68592,0.51249,1.1014,51.41381,100.725393,125.009196,,,,0.9,-0.5,-0.75,-0.43,109.63,110.63,-0.84,1202.0,898.0,752.0,583.0
2016-11,0.0,-0.4,0.5,1.68433,0.579,1.0792,46.942273,101.292958,226.216693,,,,0.88,-0.5,-0.75,-0.43,111.32,112.23,-0.69,1202.0,898.0,752.0,583.0
2016-12,0.0,-0.4,0.75,2.0508,1.09353,1.0545,55.022727,102.351831,183.894261,,,,0.88,-0.5,-0.75,-0.43,111.32,112.23,-0.69,1202.0,898.0,752.0,583.0
2017-01,0.0,-0.4,0.75,2.51039,1.73675,1.0635,55.710909,106.489948,246.671374,,,,0.88,-0.5,-0.75,-0.43,111.32,112.23,-0.69,1202.0,898.0,752.0,583.0
2017-02,0.0,-0.4,0.75,2.81036,1.95542,1.065,56.096,107.067821,184.955374,,,,5.07,-0.5,-0.75,-0.43,112.53,112.75,0.71,1202.0,898.0,752.0,583.0
2017-03,0.0,-0.4,1.0,2.4412,1.545,1.0691,52.655217,103.365567,233.118237,,,,5.07,-0.5,-0.75,-0.43,112.53,112.75,0.71,1202.0,898.0,752.0,583.0
2017-04,0.0,-0.4,1.0,2.17622,1.88849,1.0714,53.978,102.76256,174.196325,,,,5.07,-0.5,-0.75,-0.43,112.53,112.75,0.71,1202.0,898.0,752.0,583.0
2017-05,0.0,-0.4,1.0,1.85634,1.39458,1.105,51.374348,105.144171,142.438827,,,,6.37,-0.5,-0.75,-0.43,112.16,112.47,1.56,1202.0,898.0,752.0,583.0
2017-06,0.0,-0.4,1.25,1.64057,1.30268,1.1233,47.652727,104.505908,169.65664,,,,6.37,-0.5,-0.75,-0.43,112.16,112.47,1.56,1202.0,898.0,752.0,583.0
2017-07,0.0,-0.4,1.25,1.72511,1.3347,1.153,49.253333,106.783078,162.896214,,,,6.37,1.76,1.47,1.88,112.16,112.47,1.56,1269.0,965.0,811.0,627.0
2017-08,0.0,-0.4,1.25,1.92812,1.53905,1.1813,51.927826,102.072376,139.123299,,,,4.48,1.76,1.47,1.88,112.53,112.67,1.19,1269.0,965.0,811.0,627.0
2017-09,0.0,-0.4,1.25,2.18057,1.55871,1.1913,55.557619,100.823267,155.784317,,,,4.48,1.76,1.47,1.88,112.53,112.67,1.19,1269.0,965.0,811.0,627.0
2017-10,0.0,-0.4,1.25,2.02076,1.37667,1.1755,57.536364,101.633456,143.384646,,,,4.48,1.76,1.47,1.88,112.53,112.67,1.19,1269.0,965.0,811.0,627.0
2017-11,0.0,-0.4,1.25,2.17249,1.52232,1.1743,62.836364,102.230842,158.38645,,,,4.34,1.76,1.47,1.88,112.25,112.4,1.29,1269.0,965.0,811.0,627.0
2017-12,0.0,-0.4,1.5,2.12993,1.34894,1.1836,64.064286,102.285977,146.279528,,,,4.34,1.76,1.47,1.88,112.25,112.4,1.29,1269.0,965.0,811.0,627.0
2018-01,0.0,-0.4,1.5,2.15132,1.29637,1.2197,68.88913,105.722006,175.191148,,2.0,1.305,4.34,1.76,1.47,1.88,112.25,112.4,1.29,1269.0,965.0,811.0,627.0
2018-02,0.0,-0.4,1.5,2.26347,1.12518,1.234,65.6965,105.936874,124.933489,,1.4,1.002,3.25,1.76,1.47,1.88,112.57,112.45,1.74,1269.0,965.0,811.0,627.0
2018-03,0.0,-0.4,1.75,2.33095,1.3947,1.2334,66.891818,106.831967,179.373187,,1.7,1.102,3.25,1.76,1.47,1.88,112.57,112.45,1.74,1269.0,965.0,811.0,627.0
2018-04,0.0,-0.4,1.75,2.471,1.23566,1.227,71.932857,106.723711,163.318776,,2.2,1.204,3.25,1.76,1.47,1.88,112.57,112.45,1.74,1269.0,965.0,811.0,627.0
2018-05,0.0,-0.4,1.75,2.78192,1.94322,1.1823,76.934348,108.42203,170.228991,,2.4,1.404,2.94,1.76,1.47,1.88,112.42,112.49,2.39,1269.0,965.0,811.0,627.0
2018-06,0.0,-0.4,2.0,2.80755,1.96672,1.1679,75.802857,104.065009,163.289614,,2.4,1.502,2.94,1.76,1.47,1.88,112.42,112.49,2.39,1269.0,965.0,811.0,627.0
2018-07,0.0,-0.4,2.0,2.85412,2.20365,1.1685,75.229091,101.285635,225.101387,,1.9,1.502,2.94,2.27,1.8,2.53,112.42,112.49,2.39,1321.0,1018.0,859.0,582.0
2018-08,0.0,-0.4,2.0,2.64292,2.08412,1.1547,73.851304,97.404085,170.624963,,1.6,1.602,3.05,2.27,1.8,2.53,112.12,112.36,2.24,1321.0,1018.0,859.0,582.0
2018-09,0.0,-0.4,2.25,2.33206,2.07573,1.1667,79.163,98.603644,191.399048,,1.2,1.796,3.05,2.27,1.8,2.53,112.12,112.36,2.24,1321.0,1018.0,859.0,582.0
2018-10,0.0,-0.4,2.25,2.49203,2.27587,1.1488,80.783478,100.454616,211.726073,,1.1,1.793,3.05,2.27,1.8,2.53,112.12,112.36,2.24,1321.0,1018.0,859.0,582.0
2018-11,0.0,-0.4,2.25,2.14733,1.92792,1.1364,66.228636,95.859855,245.681647,,1.1,1.59,3.02,2.27,1.8,2.53,113.04,113.23,2.42,1321.0,1018.0,859.0,582.0
2018-12,0.0,-0.4,2.5,2.00238,1.51934,1.138,57.948095,98.668041,217.748163,,0.2,1.592,3.02,2.27,1.8,2.53,113.04,113.23,2.42,1321.0,1018.0,859.0,582.0
2019-01,0.0,-0.4,2.5,1.48759,1.38115,1.1418,59.944783,100.46322,241.368395,,-0.5,0.991,3.02,2.27,1.8,2.53,113.04,113.23,2.42,1321.0,1018.0,859.0,582.0
2019-02,0.0,-0.4,2.5,1.51886,1.49197,1.1349,64.384,98.816982,172.535056,,0.0,0.992,2.77,2.27,1.8,2.53,111.82,111.78,2.72,1321.0,1018.0,859.0,582.0
2019-03,0.0,-0.4,2.5,1.88319,1.40053,1.1296,66.941905,98.093434,238.229366,,-0.1,0.892,2.77,2.27,1.8,2.53,111.82,111.78,2.72,1321.0,1018.0,859.0,582.0
2019-04,0.0,-0.4,2.5,2.00058,1.71877,1.1234,71.475909,101.547643,188.797085,,0.0,0.892,2.77,2.27,1.8,2.53,111.82,111.78,2.72,1321.0,1018.0,859.0,582.0
2019-05,0.0,-0.4,2.5,1.79591,1.2254,1.1187,70.38913,98.113627,220.906512,,0.3,0.692,4.04,2.27,1.8,2.53,111.46,111.77,4.7,1321.0,1018.0,859.0,582.0
2019-06,0.0,-0.4,2.5,1.67119,1.27349,1.1295,63.2085,100.170736,317.300827,,0.2,0.394,4.04,2.27,1.8,2.53,111.46,111.77,4.7,1321.0,1018.0,859.0,582.0
2019-07,0.0,-0.4,2.5,1.82633,1.01611,1.1211,64.322174,100.303457,247.129752,,0.3,0.394,4.04,2.74,2.26,3.2,111.46,111.77,4.7,1371.0,1078.0,912.0,627.0
2019-08,0.0,-0.4,2.25,1.73764,1.0146,1.1129,59.618182,98.224054,288.160155,,0.7,0.591,2.87,2.74,2.26,3.2,112.46,112.48,3.5,1371.0,1078.0,912.0,627.0
2019-09,0.0,-0.5,2.0,1.6845,0.83806,1.1011,62.430952,96.037472,235.634802,,0.1,0.392,2.87,2.74,2.26,3.2,112.46,112.48,3.5,1371.0,1078.0,912.0,627.0
2019-10,0.0,-0.5,1.75,1.73397,0.72535,1.1058,59.631304,96.314933,200.807268,,0.5,0.196,2.87,2.74,2.26,3.2,112.46,112.48,3.5,1371.0,1078.0,912.0,627.0
2019-11,0.0,-0.5,1.75,2.09229,0.96427,1.1051,62.686667,100.316584,240.63047,,0.4,0.294,1.9,2.74,2.26,3.2,112.16,112.21,2.79,1371.0,1078.0,912.0,627.0
2019-12,0.0,-0.5,1.75,2.31953,1.33581,1.1114,65.348182,103.997579,230.83285,2.223,1.1,0.392,1.9,2.74,2.26,3.2,112.16,112.21,2.79,1371.0,1078.0,912.0,627.0
2020-01,0.0,-0.5,1.75,2.59977,1.36233,1.1098,63.898696,105.435141,190.51089,2.196097,1.4,0.687,1.9,2.74,2.26,3.2,112.16,112.21,2.79,1371.0,1078.0,912.0,627.0
2020-02,0.0,-0.5,1.75,2.34132,1.22088,1.0911,55.691,101.173399,194.925449,2.187966,1.2,0.786,-1.22,2.74,2.26,3.2,110.95,111.1,0.01,1371.0,1078.0,912.0,627.0
2020-03,0.0,-0.5,0.25,1.49404,0.73992,1.1046,33.947273,97.217467,315.024103,2.095839,1.6,0.884,-1.22,2.74,2.26,3.2,110.95,111.1,0.01,1371.0,1078.0,912.0,627.0
2020-04,0.0,-0.5,0.25,0.31305,0.31835,1.0871,26.848636,92.949282,325.32929,1.952433,0.9,0.982,-1.22,2.74,2.26,3.2,110.95,111.1,0.01,1371.0,1078.0,912.0,627.0
2020-05,0.0,-0.5,0.25,0.1982,0.0856,1.0907,32.422381,96.546839,410.499113,1.918258,-0.2,0.982,-14.13,2.74,2.26,3.2,106.0,105.7,-12.04,1371.0,1078.0,912.0,627.0
2020-06,0.0,-0.5,0.25,0.71666,0.26859,1.1259,40.860455,99.743055,306.527926,1.7057,-0.7,0.786,-14.13,2.74,2.26,3.2,106.0,105.7,-12.04,1371.0,1078.0,912.0,627.0
2020-07,0.0,-0.5,0.25,0.99686,0.39254,1.1488,43.295652,97.553827,309.069541,1.415258,-0.1,0.786,-14.13,-7.03,-6.88,-6.28,106.0,105.7,-12.04,1485.0,1189.0,1019.0,585.0
2020-08,0.0,-0.5,0.25,1.28107,-0.17148,1.1831,45.081429,98.588025,286.012789,1.422097,0.9,0.784,-7.55,-7.03,-6.88,-6.28,111.27,111.09,-5.92,1485.0,1189.0,1019.0,585.0
2020-09,0.0,-0.5,0.25,1.39102,-0.31777,1.1785,41.926818,100.027149,305.687712,1.417867,1.4,0.293,-7.55,-7.03,-6.88,-6.28,111.27,111.09,-5.92,1485.0,1189.0,1019.0,585.0
2020-10,0.0,-0.5,0.25,1.23039,-0.26852,1.1768,41.606818,105.243697,302.841091,1.421774,1.3,0.293,-7.55,-7.03,-6.88,-6.28,111.27,111.09,-5.92,1485.0,1189.0,1019.0,585.0
2020-11,0.0,-0.5,0.25,1.17575,-0.29387,1.1826,44.05,108.687071,392.262118,1.4223,0.2,0.293,-5.66,-7.03,-6.88,-6.28,113.67,113.91,-4.71,1485.0,1189.0,1019.0,585.0
2020-12,0.0,-0.5,0.25,1.32042,-0.28073,1.2168,50.376957,109.858476,298.94212,1.423484,-0.3,0.39,-5.66,-7.03,-6.88,-6.28,113.67,113.91,-4.71,1485.0,1189.0,1019.0,585.0
2021-01,0.0,-0.5,0.25,1.37384,0.91245,1.2178,55.224762,116.940802,269.409306,1.423258,0.0,0.39,-5.66,-7.03,-6.88,-6.28,113.67,113.91,-4.71,1485.0,1189.0,1019.0,585.0
2021-02,0.0,-0.5,0.25,1.66982,0.93538,1.2094,62.3625,119.743411,193.00108,1.413679,0.3,0.682,1.82,-7.03,-6.88,-6.28,111.96,111.73,-0.01,1485.0,1189.0,1019.0,585.0
2021-03,0.0,-0.5,0.25,2.66782,1.33431,1.1902,65.796087,122.513728,210.052317,1.412839,0.1,0.682,1.82,-7.03,-6.88,-6.28,111.96,111.73,-0.01,1485.0,1189.0,1019.0,585.0
2021-04,0.0,-0.5,0.25,4.13308,1.61113,1.1965,65.531818,129.999102,192.085723,1.408667,1.4,0.875,1.82,-7.03,-6.88,-6.28,111.96,111.73,-0.01,1485.0,1189.0,1019.0,585.0
2021-05,0.0,-0.5,0.25,4.91826,1.97923,1.2146,68.375238,136.328027,171.941858,1.413258,1.9,0.973,14.47,-7.03,-6.88,-6.28,107.66,108.11,-0.5,1485.0,1189.0,1019.0,585.0
2021-06,0.0,-0.5,0.25,5.29563,1.89943,1.2048,73.512727,128.973042,169.20455,1.422267,1.5,1.267,14.47,-7.03,-6.88,-6.28,107.66,108.11,-0.5,1485.0,1189.0,1019.0,585.0
2021-07,0.0,-0.5,0.25,5.24517,2.16276,1.1821,74.403182,129.458928,187.236127,1.445097,2.2,1.657,14.47,-1.55,-1.37,-0.98,107.66,108.11,-0.5,1561.0,1261.0,1087.0,691.0
2021-08,0.0,-0.5,0.25,5.15202,2.94479,1.1767,70.588182,131.93031,198.875571,1.423484,0.8,1.555,8.92,-1.55,-1.37,-0.98,105.04,105.01,0.47,1561.0,1261.0,1087.0,691.0
2021-09,0.0,-0.5,0.25,5.35122,3.35949,1.1765,74.749545,128.014761,209.316453,1.4273,1.2,2.337,8.92,-1.55,-1.37,-0.98,105.04,105.01,0.47,1561.0,1261.0,1087.0,691.0
2021-10,0.0,-0.5,0.25,6.23504,4.05091,1.16,83.865238,129.481662,185.616687,1.408484,1.7,2.824,8.92,-1.55,-1.37,-0.98,105.04,105.01,0.47,1561.0,1261.0,1087.0,691.0
2021-11,0.0,-0.5,0.25,6.90197,4.87535,1.1416,80.890455,131.637473,227.150938,1.407767,2.6,3.016,8.14,-1.55,-1.37,-0.98,105.71,105.8,0.8,1561.0,1261.0,1087.0,691.0
2021-12,0.0,-0.5,0.25,7.17434,4.9694,1.1301,74.678261,135.354895,255.117652,1.418387,3.2,3.207,8.14,-1.55,-1.37,-0.98,105.71,105.8,0.8,1561.0,1261.0,1087.0,691.0
2022-01,0.0,-0.5,0.25,7.55881,5.10753,1.1317,85.622381,141.830326,219.446101,1.428839,3.1,3.495,8.14,-1.55,-1.37,-0.98,105.71,105.8,0.8,1561.0,1261.0,1087.0,691.0
2022-02,0.0,-0.5,0.25,7.93728,5.87733,1.1349,94.267,148.67497,174.491275,1.422036,3.613,3.582,1.11,-1.55,-1.37,-0.98,105.57,105.77,-1.4,1561.0,1261.0,1087.0,691.0
2022-03,0.0,-0.5,0.5,8.5722,7.44141,1.1019,112.44,160.990416,294.549307,1.430387,5.263,4.062,1.11,-1.55,-1.37,-0.98,105.57,105.77,-1.4,1561.0,1261.0,1087.0,691.0
2022-04,0.0,-0.5,0.5,8.23175,7.44745,1.0803,106.155714,165.829547,266.729206,1.440333,5.877,4.532,1.11,-1.55,-1.37,-0.98,105.57,105.77,-1.4,1561.0,1261.0,1087.0,691.0
2022-05,0.0,-0.5,1.0,8.53817,8.0508,1.0567,112.113636,162.497211,272.076637,1.437032,5.86,5.78,2.96,-1.55,-1.37,-0.98,105.63,106.02,-0.23,1561.0,1261.0,1087.0,691.0
2022-06,0.0,-0.5,1.75,8.97936,8.63902,1.0567,117.692727,156.149865,244.380426,1.439367,7.157,6.545,2.96,-1.55,-1.37,-0.98,105.63,106.02,-0.23,1561.0,1261.0,1087.0,691.0
2022-07,0.5,0.0,2.5,8.46258,8.86258,1.0168,105.252857,144.315239,289.095754,1.447742,7.707,6.807,2.96,-2.17,-1.91,-1.9,105.63,106.02,-0.23,1686.0,1376.0,1197.0,561.0
2022-08,0.5,0.0,2.5,8.22258,9.15375,1.0129,97.643043,140.300779,233.460749,1.428323,7.996,6.89,2.05,-2.17,-1.91,-1.9,106.25,106.6,-0.31,1686.0,1376.0,1197.0,561.0
2022-09,1.25,0.75,3.25,8.19211,9.92883,0.9899,90.608182,135.476444,246.582762,1.475033,8.3,7.136,2.05,-2.17,-1.91,-1.9,106.25,106.6,-0.31,1686.0,1376.0,1197.0,561.0
2022-10,1.25,0.75,3.25,7.75881,10.62103,0.9853,93.718571,138.268643,262.009494,1.960581,8.1,7.292,2.05,-2.17,-1.91,-1.9,106.25,106.6,-0.31,1686.0,1376.0,1197.0,561.0
2022-11,2.0,1.5,4.0,7.12286,10.04684,1.0192,90.938636,138.119556,306.971082,1.925633,8.3,7.743,1.15,-2.17,-1.91,-1.9,106.17,106.86,-1.02,1686.0,1376.0,1197.0,561.0
2022-12,2.5,2.0,4.5,6.4046,9.20009,1.0591,81.503182,136.37745,236.689404,2.110839,8.3,8.192,1.15,-2.17,-1.91,-1.9,106.17,106.86,-1.02,1686.0,1376.0,1197.0,561.0
2023-01,2.5,2.0,4.5,6.32718,8.63753,1.0777,84.081818,138.326427,215.843191,2.435129,8.9,8.161,1.15,-2.17,-1.91,-1.9,106.17,106.86,-1.02,1686.0,1376.0,1197.0,561.0
2023-02,3.0,2.5,4.75,5.95782,8.49937,1.0702,83.6325,142.700098,238.645803,2.418607,10.1,8.598,3.94,-2.17,-1.91,-1.9,105.97,106.45,-0.64,1686.0,1376.0,1197.0,561.0
2023-03,3.5,3.0,5.0,4.91772,6.88104,1.0711,79.256522,146.185211,309.597747,2.587935,8.2,8.086,3.94,-2.17,-1.91,-1.9,105.97,106.45,-0.64,1686.0,1376.0,1197.0,561.0
2023-04,3.5,3.0,5.0,4.95008,6.94243,1.0962,83.536,146.10488,252.682773,2.917,7.8,7.657,3.94,-2.17,-1.91,-1.9,105.97,106.45,-0.64,1686.0,1376.0,1197.0,561.0
2023-05,3.75,3.25,5.25,4.13185,6.09824,1.0867,75.747391,138.689715,208.397052,2.906677,7.1,6.375,2.71,-2.17,-1.91,-1.9,106.0,106.4,-0.8,1686.0,1376.0,1197.0,561.0
2023-06,4.0,3.5,5.25,3.07062,5.51034,1.084,74.975,136.025991,219.394607,2.935267,5.5,5.601,2.71,-2.17,-1.91,-1.9,106.0,106.4,-0.8,1686.0,1376.0,1197.0,561.0
2023-07,4.0,3.5,5.5,3.28775,5.28455,1.1067,80.109048,136.605532,189.572956,2.938548,4.9,5.296,2.71,-1.05,-0.57,-1.34,106.0,106.4,-0.8,1752.0,1469.0,1287.0,626.0
2023-08,4.25,3.75,5.5,3.7225,5.20856,1.091,85.168261,131.318195,172.968624,2.928258,5.0,4.834,3.29,-1.05,-0.57,-1.34,106.08,106.66,-0.46,1752.0,1469.0,1287.0,626.0
2023-09,4.5,4.0,5.5,3.68721,4.31639,1.0672,92.673333,131.137053,198.008715,2.9372,4.9,4.529,3.29,-1.05,-0.57,-1.34,106.08,106.66,-0.46,1752.0,1469.0,1287.0,626.0
2023-10,4.5,4.0,5.5,3.25127,2.87081,1.0565,88.947727,132.418587,188.281304,2.938097,4.3,4.237,3.29,-1.05,-0.57,-1.34,106.08,106.66,-0.46,1752.0,1469.0,1287.0,626.0
2023-11,4.5,4.0,5.5,3.13335,2.37285,1.0819,82.186364,135.742883,205.63378,2.924833,3.6,3.593,5.21,-1.05,-0.57,-1.34,106.26,106.57,0.55,1752.0,1469.0,1287.0,626.0
2023-12,4.5,4.0,5.5,3.31591,2.90443,1.0909,77.540952,133.879283,219.841095,2.949677,3.4,3.046,5.21,-1.05,-0.57,-1.34,106.26,106.57,0.55,1752.0,1469.0,1287.0,626.0
2024-01,4.5,4.0,5.5,3.08834,2.76083,1.0899,79.11,135.598684,236.305041,2.968452,2.3,2.862,5.21,-1.05,-0.57,-1.34,106.26,106.57,0.55,1752.0,1469.0,1287.0,626.0
2024-02,4.5,4.0,5.5,3.15707,2.56873,1.0793,81.795714,134.389976,165.06276,2.96069,0.3,2.238,3.57,-1.05,-0.57,-1.34,105.71,105.86,-0.75,1752.0,1469.0,1287.0,626.0
2024-03,4.5,4.0,5.5,3.48683,2.409,1.087,84.961429,135.650544,176.221778,2.961065,0.9,2.408,3.57,-1.05,-0.57,-1.34,105.71,105.86,-0.75,1752.0,1469.0,1287.0,626.0
2024-04,4.5,4.0,5.5,3.3608,2.35208,1.0724,88.974545,137.860014,168.606582,2.973033,0.2,2.228,3.57,-1.05,-0.57,-1.34,105.71,105.86,-0.75,1752.0,1469.0,1287.0,626.0
2024-05,4.5,4.0,5.5,3.24428,2.5499,1.081,83.053913,137.781098,180.928925,2.943129,0.4,2.226,3.58,-1.05,-0.57,-1.34,105.84,106.07,-1.02,1752.0,1469.0,1287.0,626.0
2024-06,4.25,3.75,5.5,2.97026,2.50182,1.0763,82.9175,130.29887,171.667995,2.930333,1.8,2.31,3.58,-1.05,-0.57,-1.34,105.84,106.07,-1.02,1752.0,1469.0,1287.0,626.0
2024-07,4.25,3.75,5.5,2.94148,2.57748,1.0847,84.048696,128.760233,224.187312,2.714484,1.3,2.131,3.58,0.14,0.63,-0.83,105.84,106.07,-1.02,1892.0,1589.0,1402.0,752.0
2024-08,4.25,3.75,5.5,2.60714,2.1588,1.102,79.018636,128.270171,189.159204,2.682613,1.7,2.562,5.53,0.14,0.63,-0.83,105.88,106.32,1.12,1892.0,1589.0,1402.0,
2024-09,3.65,3.5,5.0,2.42648,1.72753,1.1104,73.057619,130.694658,199.996332,2.7032,0.8,2.379,5.53,0.14,0.63,-0.83,105.88,106.32,1.12,1892.0,1589.0,1402.0,
2024-10,3.4,3.25,5.0,2.57884,1.99483,1.0895,75.266522,132.735269,202.38878,2.702613,0.7,2.286,5.53,0.14,0.63,-0.83,105.88,106.32,1.12,1892.0,1589.0,1402.0,
2024-11,3.4,3.25,4.75,2.71947,2.23469,1.0621,73.508571,133.401906,279.042681,2.7145,0.8,2.453,4.74,0.14,0.63,-0.83,107.62,108.39,1.29,1892.0,1589.0,1402.0,
2024-12,3.15,3.0,4.5,2.87069,2.42814,1.0472,73.227727,132.204468,322.977397,2.58571,0.7,2.196,4.74,0.14,0.63,-0.83,107.62,108.39,1.29,1892.0,1589.0,1402.0,
2025-01,3.15,3.0,4.5,2.99098,2.49922,1.0356,78.193913,135.631084,306.562832,2.473065,2.0,2.277,4.74,0.14,0.63,-0.83,107.62,108.39,1.29,1892.0,1589.0,1402.0,
2025-02,2.9,2.75,4.5,2.80158,2.29742,1.0413,75.193,132.018924,328.773591,2.480964,2.6,2.189,5.03,0.14,0.63,-0.83,105.97,106.4,0.22,1892.0,1589.0,1402.0,
2025-03,2.65,2.5,4.5,2.38198,2.16744,1.0813,71.741429,128.975426,469.379412,2.380226,1.6,1.343,5.03,0.14,0.63,-0.83,105.97,106.4,0.22,1892.0,1589.0,1402.0,
2025-04,2.4,2.25,4.5,2.32539,2.15504,1.1232,66.927273,129.212898,620.883382,2.237933,0.7,1.006,5.03,0.14,0.63,-0.83,105.97,106.4,0.22,1892.0,1589.0,1402.0,
2025-05,2.4,2.25,4.5,2.37727,1.86487,1.1274,64.092727,126.197064,505.16841,2.207613,0.4,0.838,5.77,0.14,0.63,-0.83,106.03,106.4,0.6,1892.0,1589.0,1402.0,
2025-06,2.15,2.0,4.5,2.68045,1.96278,1.1534,69.846667,124.838864,365.626478,2.217667,0.4,0.836,5.77,0.14,0.63,-0.83,106.03,106.4,0.6,1892.0,1589.0,1402.0,
2025-07,2.15,2.0,4.5,2.74262,2.01424,1.1671,69.564783,125.771132,401.523623,2.214161,0.5,0.668,5.77,2.38,3.22,0.69,106.03,106.4,0.6,2068.0,1763.0,1570.0,
2025-08,2.15,2.0,4.5,2.93859,2.02174,1.1647,67.244286,124.078166,338.506972,2.222903,0.3,0.416,4.22,,,,107.68,108.53,1.23,,,,
2025-09,2.15,2.0,4.25,3.02257,2.2168,1.1739,67.609091,126.657242,304.985401,2.219467,0.4,0.0,4.22,,,,107.68,108.53,1.23,,,,
2025-10,2.15,2.0,4.0,3.02257,2.07742,1.1641,63.981304,122.680921,397.599656,2.23171,0.1,-0.497,4.22,,,,107.68,108.53,1.23,,,,
2025-11,2.15,2.0,4.0,2.69644,2.11468,1.1558,63.6935,122.375557,364.975008,2.2368,-0.3,-1.156,4.45,,,,108.1,109.01,1.6,,,,
2025-12,2.15,2.0,3.75,2.6533,1.93496,1.171,61.810909,126.473878,332.425225,2.222129,-0.3,-1.24,4.45,,,,108.1,109.01,1.6,,,,
2026-01,2.15,2.0,3.75,2.3912,1.63568,1.1744,64.594091,129.957416,375.630237,2.245097,-0.8,-1.484,4.45,,,,108.1,109.01,1.6,,,,
2026-02,2.15,2.0,3.75,2.434,1.87152,1.1824,69.4095,132.034548,350.906094,2.2345,-0.6,-1.483,4.59,,,,105.54,105.73,0.65,,,,
2026-03,2.15,2.0,3.75,3.28596,2.53368,1.1557,99.405,136.539777,445.85386,2.206806,0.9,-0.829,,,,,,,,,,,
2026-04,2.15,2.0,3.75,3.77925,2.9994,1.1697,102.813636,139.286988,342.432894,2.203333,1.7,-0.6,,,,,,,,,,,
2026-05,2.15,2.0,3.75,4.16661,3.14126,1.1681,103.842381,136.153523,321.590236,2.218677,1.2,-0.3,,,,,,,,,,,
2026-06,2.4,2.25,3.75,3.46353,2.73289,1.1516,84.487727,130.311538,282.71547,2.217367,0.3,-0.2,,,,,,,,,,,
2026-07,2.4,2.25,3.75,3.30386,2.93179,1.1423,83.734091,131.77991,241.690491,2.213226,,,,,,,,,,,,,
2026-08,2.4,2.25,3.75,,,,,,,2.197818,,,,,,,,,,,,,
